{"minzoom":0,"maxzoom":8,"center":[37.265625,-0.703054,8.0],"bounds":[33.91489,-4.693451,41.881618,5.438904]}