{"minzoom":0,"maxzoom":9,"center":[36.914063,-1.054608,9.0],"bounds":[33.91489,-4.693451,41.881618,5.438904]}